"type","name","category","shop_category","shop_price","bundle_count","effect_count","ammo_label","speed_multiplier","blast_radius","damage_per_burst","sound_style","explosion_style","special_effects","projectile_color","trail_color","projectile_size","projectile_radius_px","effect_family","effect_core_color","effect_outer_color","effect_glow_color","effect_rim_color","homing_fuel","homing_lock_frames","homing_lock_range","homing_turn_rate","homing_trigger_radius","split_count","split_trigger","split_spread_base","split_spread_narrow","split_spread_normal","split_spread_wide","chaos_chain_count","chaos_decay_factor","push_radius","push_force","flavor","debug_behavior"
"cannon","Cannon","attack","basic-attack","","1","1","INF","1","10","28","cannon","standard","Reliable","#ffe08a","#fff4c2","medium","1","standard","","","","","","","","","","","","","","","","","","","","Baseline iron shell.",""
"mortar","Mortar","attack","basic-attack","85","2","1","4","1","17","42","mortar","standard","Arc shot | Splash","#ff9966","#ffd0b0","large","1","standard","#fff4d7","#ff9966","#ffd0b0","#ffd0b0","","","","","","","","","","","","","","","","Wide crater and good splash.","Intended role: attack. One purchase grants x2 ammo. A single use creates about 1 major effect(s). Wide crater and good splash. Debug tags: Arc shot | Splash."
"needle","Needle","attack","basic-attack","110","2","1","4","1","6","56","needle","precision","Direct hit | Low blast","#8ce99a","#d3f9d8","small","1","precision","#f8f4de","#8ce99a","#d3f9d8","#fffdf1","","","","","","","","","","","","","","","","Sharp direct-hit punisher.","Intended role: attack. One purchase grants x2 ammo. A single use creates about 1 major effect(s). Sharp direct-hit punisher. Debug tags: Direct hit | Low blast."
"nova","Nova","attack","basic-attack","150","2","1","1","1","28","76","heavy","nova_blast","Nova bloom | Heavy finisher","#c9f2ff","#e8fbff","large","2","nova_blast","#ffffff","#c9f2ff","#e8fbff","#f7fdff","","","","","","","","","","","","","","","","Heavy blast finisher with a cold nova bloom.","Intended role: attack. One purchase grants x1 ammo. A single use creates about 1 major effect(s). Heavy blast finisher with a cold nova bloom. Debug tags: Nova bloom | Heavy finisher."
"emp_shell","EMP Shell","attack","anti-shield-attack","220","2","1","0","1","8","54","shield","shield","EMP 75 | Tight finisher","#8bf7ff","#e1fdff","medium","1","shield","#f4feff","#8bf7ff","#e1fdff","#ffffff","","","","","","","","","","","","","","","","Tight heavy shell that strips 75 shield before the strike lands.","Intended role: hybrid. One purchase grants x2 ammo. A single use creates about 1 major effect(s). Tight heavy shell that strips 75 shield before the strike lands. Debug tags: EMP 75 | Tight finisher."
"blast_bomb","Blast Bomb","attack","control-attack","115","3","1","0","1","34","10","heavy","solar","Huge crater | Shock push","#ffd96a","#fff0a8","massive","2","solar","#fff1a8","#ffd36e","#ffe28d","","","","","","","","","","","","","","","124","62","Huge terrain clear, weak direct damage.","Intended role: utility. One purchase grants x3 ammo. A single use creates about 1 major effect(s). Huge terrain clear, weak direct damage. Debug tags: Huge crater | Shock push."
"emp_bomb","EMP Bomb","attack","anti-shield-attack","190","2","1","0","1","24","16","shield","shield","EMP 50 | Wide disruption","#8cf3ff","#dcfcff","large","2","shield","#f4feff","#8cf3ff","#dcfcff","#ffffff","","","","","","","","","","","","","","","","Wide disruption blast that strips 50 shield before the payload lands.","Intended role: hybrid. One purchase grants x2 ammo. A single use creates about 1 major effect(s). Wide disruption blast that strips 50 shield before the payload lands. Debug tags: EMP 50 | Wide disruption."
"autocannon","Auto Cannon","attack","basic-attack","145","3","5","0","1","6","10","burst","shrapnel","Burst x5 | Scatter","#f1f3f5","#ffffff","small","1","shrapnel","#fff3d1","#f1f3f5","#ffffff","#fff8e8","","","","","","","","","","","","","","","","Bursts five jittered shells downrange.","Intended role: attack. One purchase grants x3 ammo. A single use creates about 5 major effect(s). Bursts five jittered shells downrange. Debug tags: Burst x5 | Scatter."
"minigun","Minigun","attack","basic-attack","195","2","15","0","1","5","7","burst","shrapnel","Burst x15 | Suppressive fire","#f5f7fa","#ffffff","small","1","shrapnel","#fff8e8","#f5f7fa","#ffffff","#ffffff","","","","","","","","","","","","","","","","Sprays fifteen light shells in a long suppressive burst.","Intended role: attack. One purchase grants x2 ammo. A single use creates about 15 major effect(s). Sprays fifteen light shells in a long suppressive burst. Debug tags: Burst x15 | Suppressive fire."
"roller","Roller","attack","homing-attack","145","2","1","0","0.9","14","30","roller","roller","Ground roll","#f6c177","#ffe6bf","medium","1","roller","#fff1db","#f6c177","#ffe6bf","#ffe2b2","","","","","","","","","","","","","","","","Drops to the ground, rolls forward, and detonates on contact or burnout.","Intended role: hybrid. One purchase grants x2 ammo. A single use creates about 1 major effect(s). Drops to the ground, rolls forward, and detonates on contact or burnout. Debug tags: Ground roll."
"flux_bomb","Flux Bomb","attack","retired","","2","2","0","1","20","34","tech","tech","Elastic payload | Dual pressure","#a5b4fc","#dbe4ff","large","1","tech","#f5fdff","#a5b4fc","#dbe4ff","#dffcff","","","","","","","","","","","","","","","","Balanced shell with elastic damage falloff and a tuned payload.","Intended role: attack. One purchase grants x2 ammo. A single use creates about 2 major effect(s). Balanced shell with elastic damage falloff and a tuned payload. Debug tags: Elastic payload | Dual pressure."
"driller","Driller","attack","control-attack","135","2","8","0","1","8","18","drill","drill","Line bore | Terrain cut","#c0a7ff","#e0d5ff","small","1","drill","#f3e9ff","#c0a7ff","#e0d5ff","#d7c5ff","","","","","","","","","","","","","","","","Punches forward with a line of detonations.","Intended role: utility. One purchase grants x3 ammo. A single use creates about 8 major effect(s). Punches forward with a line of detonations. Debug tags: Line bore | Terrain cut."
"seeder","Seeder","attack","mass-attack","140","3","6","0","1","7","15","burst","ember","Flight bomblets","#fca5a5","#ffe4e6","small","1","ember","#ffdbe5","#fca5a5","#ffe4e6","#ffb0c1","","","","","","","","","","","","","","","","Scatters bomblets along the final section of its flight path.","Intended role: attack. One purchase grants x3 ammo. A single use creates about 6 major effect(s). Scatters bomblets along the final section of its flight path. Debug tags: Flight bomblets."
"nuclear_seeder","Nuclear Seeder","attack","mass-attack","280","3","6","0","1","13","26","omega","nuclear","Flight bomblets | Nuclear drops","#ffc482","#ffe6c2","large","2","nuclear","#fff3d8","#ffc482","#ffe6c2","#fff9ef","","","","","","","","","","","","","","","","Drops delayed nuclear bomblets along its flight path.","Intended role: attack. One purchase grants x2 ammo. A single use creates about 6 major effect(s). Drops delayed nuclear bomblets along its flight path. Debug tags: Flight bomblets | Nuclear drops."
"echo_shell","Gravity Echo Shell","attack","retired","","2","2","0","1","11","22","gravity","gravity","Implosion | Delayed blast","#7dd3fc","#d7f5ff","medium","1","gravity","#f3fbff","#7dd3fc","#d7f5ff","#8be6ff","","","","","","","","","","","","","","","","Implodes first, then detonates with a delayed gravity burst.","Intended role: attack. One purchase grants x2 ammo. A single use creates about 2 major effect(s). Implodes first, then detonates with a delayed gravity burst. Debug tags: Implosion | Delayed blast."
"merv","MIRV Mk I","attack","mass-attack","180","2","3","0","1","11","24","mortar","nuclear","Apex split x3","#74c0fc","#d0ebff","medium","2","nuclear","#fff1cf","#ff8d4d","#ffbb73","#fff7e8","","","","","","3","apex_or_boundary","0.26","","","","","","","","Splits into three falling warheads after apex or rebound.","Intended role: attack. One purchase grants x2 ammo. A single use creates about 3 major effect(s). Splits into three falling warheads after apex or rebound. Debug tags: Apex split x3 | Nuclear effect."
"merv_mk2","MIRV Mk II","attack","mass-attack","230","2","5","0","1","9","20","mortar","nuclear","Apex split x5","#8ccfff","#ddf3ff","medium","2","nuclear","#fff1cf","#ff8d4d","#ffbb73","#fff7e8","","","","","","5","apex_or_boundary","0.13","","","","","","","","Splits into five falling warheads after apex or rebound.","Intended role: attack. One purchase grants x1 ammo. A single use creates about 5 major effect(s). Splits into five falling warheads after apex or rebound. Debug tags: Apex split x5 | Nuclear effect."
"command_mirv","Command MIRV","attack","mass-attack","220","2","3","0","1","10","22","mortar","nuclear","Power tunes spread","#93c5fd","#e0f2fe","medium","2","nuclear","#fff1cf","#ff8d4d","#ffbb73","#fff7e8","","","","","","3","apex_or_boundary","","0.07","0.12","0.2","","","","","Power-tuned MIRV with tighter or wider split spacing.","Intended role: attack. One purchase grants x2 ammo. A single use creates about 3 major effect(s). Power-tuned MIRV with tighter or wider split spacing. Debug tags: Apex split x3 | Spread select | Nuclear effect."
"chaos","Chaos","attack","mass-attack","180","2","3","0","1","13","30","chaos","chaos","Chain x3","#ffd43b","#fff3bf","medium","2","chaos","#fff0a1","#ffd43b","#fff3bf","#ffb347","","","","","","","","","","","","3","0.6667","","","Chains three explosions through the sky.","Intended role: attack. One purchase grants x1 ammo. A single use creates about 3 major effect(s). Chains three explosions through the sky. Debug tags: Chain x3 | 2/3 charge falloff."
"chaos_mirv","Chaos MIRV","attack","mass-attack","320","2","9","0","1","10","22","chaos","chaos","Split x3 | Chaos chain","#ffb74d","#ffe8a3","medium","2","chaos","#fff0a1","#ffb74d","#ffe8a3","#ffb347","","","","","","3","apex_or_boundary","0.26","","","","3","0.6667","","","A MIRV whose bomblets keep chaining chaos blasts.","Intended role: attack. One purchase grants x1 ammo. A single use creates about 9 major effect(s). A MIRV whose bomblets keep chaining chaos blasts. Debug tags: Apex split x3 | Chaos chain | 2/3 charge falloff."
"bunker_buster","Bunker Buster","attack","control-attack","95","2","1","0","1","15","36","drill","drill","Burrow | Shaped charge","#ffd29d","#fff0d0","medium","1","drill","#f3e9ff","#ffd29d","#fff0d0","#d7c5ff","","","","","","","","","","","","","","","","Burrows through terrain, then punches out with a shaped charge on exit.","Intended role: attack. One purchase grants x2 ammo. A single use creates about 1 major effect(s). Burrows through terrain, then punches out with a shaped charge on exit. Debug tags: Burrow | Shaped charge."
"phase_round","Phase Round","attack","control-attack","200","2","1","0","1.04","13","28","tech","tech","Phase first layer","#86efac","#dcfce7","medium","1","tech","#f5fdff","#86efac","#dcfce7","#dffcff","","","","","","","","","","","","","","","","Ignores the first terrain layer and bursts on the second contact.","Intended role: hybrid. One purchase grants x2 ammo. A single use creates about 1 major effect(s). Ignores the first terrain layer and bursts on the second contact. Debug tags: Phase first layer | Ghost trail."
"homing_missile","Missile Mk I","attack","homing-attack","120","2","1","0","1","12","32","tech","tech","Late lock","#9bf6ff","#dffcff","medium","2","tech","#f5fdff","#9bf6ff","#dffcff","#dffcff","24","0","120","0.0115","35","","","","","","","","","","","Entry missile with limited terminal correction.","Intended role: attack. One purchase grants x2 ammo. A single use creates about 1 major effect(s). Entry missile with limited terminal correction. Debug tags: Terminal lock | Missile family."
"missile_mk2","Missile Mk II","attack","homing-attack","160","2","1","0","1","14","40","tech","tech","Improved lock","#8ee7ff","#dcfbff","medium","2","tech","#f5fdff","#8ee7ff","#dcfbff","#dffcff","36","0","120","0.0115","35","","","","","","","","","","","Improved missile with more terminal correction fuel.","Intended role: attack. One purchase grants x2 ammo. A single use creates about 1 major effect(s). Improved missile with more terminal correction fuel. Debug tags: Terminal lock | Extra fuel."
"missile_mk3","Missile Mk III","attack","homing-attack","210","2","1","0","1","16","50","tech","tech","Strong lock","#7fe1ff","#d4f7ff","medium","2","tech","#f5fdff","#7fe1ff","#d4f7ff","#dffcff","52","0","120","0.0115","35","","","","","","","","","","","Advanced missile with the deepest steering reserve.","Intended role: attack. One purchase grants x1 ammo. A single use creates about 1 major effect(s). Advanced missile with the deepest steering reserve. Debug tags: Terminal lock | Deep fuel reserve."
"emp_missile","EMP Missile","attack","anti-shield-attack","180","2","1","0","1","12","22","shield","shield","EMP 50 | Mk II homing","#8de8ff","#dffbff","large","2","shield","#f4feff","#8de8ff","#dffbff","#ffffff","36","0","120","0.02","35","","","","","","","","","","","Mk II homing missile that strips 50 shield before impact damage.","Intended role: hybrid. One purchase grants x2 ammo. A single use creates about 1 major effect(s). Mk II homing missile that strips 50 shield before impact damage. Debug tags: EMP 50 | Mk II homing."
"nuclear_missile_mk1","Nuclear Missile Mk I","attack","homing-attack","300","2","1","0","1","26","74","omega","nuclear","Late lock | Nuclear","#ffd39c","#fff0d6","large","2","nuclear","#fff1cf","#ff8d4d","#ffbb73","#fff7e8","24","0","120","0.0115","35","","","","","","","","","","","Mk I missile guidance wrapped around a nuclear payload.","Intended role: attack. One purchase grants x1 ammo. A single use creates about 1 major effect(s). Mk I missile guidance wrapped around a nuclear payload. Debug tags: Terminal lock | Nuclear effect."
"nuclear_missile_mk2","Nuclear Missile Mk II","attack","homing-attack","380","2","1","0","1","30","88","omega","nuclear","Improved lock | Nuclear","#ffca8d","#ffe7c0","large","2","nuclear","#fff1cf","#ff8d4d","#ffbb73","#fff7e8","36","0","120","0.0115","35","","","","","","","","","","","Mk II missile guidance with a large nuclear detonation.","Intended role: attack. One purchase grants x1 ammo. A single use creates about 1 major effect(s). Mk II missile guidance with a large nuclear detonation. Debug tags: Terminal lock | Extra fuel | Nuclear effect."
"nuclear_missile_mk3","Nuclear Missile Mk III","attack","homing-attack","470","2","1","0","1","36","104","omega","nuclear","Strong lock | Nuclear","#ffbf7c","#ffe0b3","massive","2","nuclear","#fff1cf","#ff8d4d","#ffbb73","#fff7e8","52","0","120","0.0115","35","","","","","","","","","","","Top-tier missile guidance paired with a brutal nuclear blast.","Intended role: attack. One purchase grants x1 ammo. A single use creates about 1 major effect(s). Top-tier missile guidance paired with a brutal nuclear blast. Debug tags: Terminal lock | Deep fuel reserve | Nuclear effect."
"gravity_well","Gravity Well","attack","control-attack","120","3","1","0","1","12","12","gravity","gravity","Pull inward","#93c5fd","#bfdbfe","medium","2","gravity","#f3fbff","#93c5fd","#bfdbfe","#8be6ff","","","","","","","","","","","","","","","","Weak blast that drags tanks inward and roughens the ground.","Intended role: utility. One purchase grants x2 ammo. A single use creates about 1 major effect(s). Weak blast that drags tanks inward and roughens the ground. Debug tags: Wide pull field."
"magnet_shell","Magnet Shell","attack","retired","","2","1","0","1","10","16","gravity","gravity","Short drag","#67e8f9","#cffafe","medium","1","gravity","#f3fbff","#67e8f9","#cffafe","#8be6ff","","","","","","","","","","","","","","","","Tugs nearby tanks toward the impact point before the dust settles.","Intended role: hybrid. One purchase grants x2 ammo. A single use creates about 1 major effect(s). Tugs nearby tanks toward the impact point before the dust settles. Debug tags: Focused drag."
"wall","Wall","utility","utility","95","2","1","0","1","0","0","terrain","terrain","Build cover","#b08968","#ddc2a1","utility","1","terrain","#d9b48f","#b08968","#ddc2a1","#efd4b4","","","","","","","","","","","","","","","","Raises a dirt wall at the impact point.","Intended role: utility. One purchase grants x2 ammo. A single use creates about 1 major effect(s). Raises a dirt wall at the impact point. Debug tags: Build cover."
"large_wall","Large Wall","utility","utility","185","1","1","0","1","0","0","terrain","terrain","Build massive cover","#9c7c58","#ecd0b1","utility","1","terrain","#d9b48f","#9c7c58","#ecd0b1","#efd4b4","","","","","","","","","","","","","","","","Raises a massive dirt barrier that can reshape the ridge.","Intended role: utility. One purchase grants x1 ammo. A single use creates about 1 major effect(s). Raises a massive dirt barrier that can reshape the ridge. Debug tags: Build massive cover."
"relocator","Relocator","utility","utility","135","2","1","0","1","0","0","tech","tech","Teleport","#7dd3fc","#d9f5ff","utility","1","tech","#f5fdff","#7dd3fc","#d9f5ff","#dffcff","","","","","","","","","","","","","","","","Teleports the firing tank to the impact zone.","Intended role: utility. One purchase grants x2 ammo. A single use creates about 1 major effect(s). Teleports the firing tank to the impact zone. Debug tags: Teleport."
"leech","Leech Shell","attack","anti-shield-attack","145","2","1","0","1","12","26","tech","tech","Shield siphon","#f38ba8","#ffd6df","medium","1","tech","#f5fdff","#f38ba8","#ffd6df","#dffcff","","","","","","","","","","","","","","","","Steals an amplified shield charge only from shielded targets.","Intended role: hybrid. One purchase grants x2 ammo. A single use creates about 1 major effect(s). Steals an amplified shield charge only from shielded targets. Debug tags: Shield siphon."
"sinker","Sinker","attack","control-attack","150","2","7","0","1","9","16","drill","drill","Vertical bore","#b197fc","#e5dbff","small","1","drill","#f3e9ff","#b197fc","#e5dbff","#d7c5ff","","","","","","","","","","","","","","","","Bores straight downward into the earth with a wider cutting shaft.","Intended role: utility. One purchase grants x2 ammo. A single use creates about 7 major effect(s). Bores straight downward into the earth with a wider cutting shaft. Debug tags: Vertical bore."
"crossfire","Crossfire","attack","basic-attack","170","3","9","0","1","7","17","tech","prism","Prism cross | Staggered fire","#ffd166","#fff1bf","small","1","prism","#fff7d8","#ffd166","#fff4bf","#ffffff","","","","","","","","","","","","","","","","Unfolds into prism-lit crossing lanes of delayed fire.","Intended role: attack. One purchase grants x2 ammo. A single use creates about 9 major effect(s). Unfolds into prism-lit crossing lanes of delayed fire. Debug tags: Prism cross | Staggered fire."
"large_cannon","Large Cannon","attack","basic-attack","150","3","1","0","1","14","36","cannon","heavy","Heavy direct","#ffe7a6","#fff7dc","medium","1","heavy","#ffe6c7","#ffe7a6","#fff7dc","#ffd4a3","","","","","","","","","","","","","","","","Bigger shell with extra punch.","Intended role: attack. One purchase grants x1 ammo. A single use creates about 1 major effect(s). Bigger shell with extra punch. Debug tags: Heavy direct."
"large_mortar","Large Mortar","attack","basic-attack","190","2","1","0","1","23","52","heavy","heavy","Deep crater","#ffb27d","#ffe0ca","large","1","heavy","#ffe6c7","#ffb27d","#ffe0ca","#ffd4a3","","","","","","","","","","","","","","","","Wider blast and deeper crater.","Intended role: attack. One purchase grants x1 ammo. A single use creates about 1 major effect(s). Wider blast and deeper crater. Debug tags: Deep crater."
"large_needle","EMP Needle","attack","anti-shield-attack","220","2","1","0","1","9","68","shield","shield","EMP drain | Heavy direct","#8ff7ff","#dffcff","medium","1","shield","#f4feff","#8ff7ff","#dffcff","#ffffff","","","","","","","","","","","","","","","","Strips shields on contact, then drives through with needle damage.","Intended role: attack. One purchase grants x1 ammo. A single use creates about 1 major effect(s). Strips shields on contact, then drives through with needle damage. Debug tags: EMP drain | Heavy direct."
"large_nova","Large Nova","attack","basic-attack","320","2","1","0","1","34","92","heavy","nova_blast","Massive finisher","#f3a6ff","#fbe0ff","massive","2","nova_blast","#fffaff","#8fd8ff","#4ea5ff","#eaf8ff","","","","","","","","","","","","","","","","Even heavier endgame detonation.","Intended role: attack. One purchase grants x1 ammo. A single use creates about 1 major effect(s). Even heavier endgame detonation. Debug tags: Massive finisher."
"omega_blast","Omega Blast","attack","mass-attack","460","2","1","0","0.98","68","132","omega","nuclear","Omega fireball | Expanding rings | Lingering blast","#ffb36b","#ffe0c4","massive","2","nuclear","#fff1cf","#ff8d4d","#ffbb73","#fff7e8","","","","","","","","","","","","","","","","Dreadful atomic fireball with slow expanding shock rings.","Intended role: attack. One purchase grants x1 ammo. A single use creates about 1 major effect(s). Dreadful atomic fireball with slow expanding shock rings. Debug tags: Omega fireball | Expanding rings | Lingering blast."
"large_merv","Large MIRV","attack","mass-attack","210","2","3","0","1","15","30","heavy","nuclear","Split x3","#90d5ff","#dff4ff","medium","2","nuclear","#fff1cf","#ff8d4d","#ffbb73","#fff7e8","","","","","","3","apex_or_boundary","0.26","","","","","","","","Three heavier split warheads.","Intended role: attack. One purchase grants x1 ammo. A single use creates about 3 major effect(s). Three heavier split warheads. Debug tags: Apex split x3 | Nuclear effect."
"large_chaos","Large Chaos","attack","mass-attack","380","2","5","0","1","18","38","chaos","chaos","Chain x5","#ffe066","#fff8c5","large","2","chaos","#fff0a1","#ffe066","#fff8c5","#ffb347","","","","","","","","","","","","5","0.6667","","","Five chained detonations through the sky.","Intended role: attack. One purchase grants x1 ammo. A single use creates about 5 major effect(s). Five chained detonations through the sky. Debug tags: Chain x5."
"large_chaos_mirv","Large Chaos MIRV","attack","mass-attack","540","2","15","0","1","14","28","chaos","chaos","Split x3 | Chaos x5","#ffc078","#ffe7c2","medium","2","chaos","#fff0a1","#ffc078","#ffe7c2","#ffb347","","","","","","3","apex_or_boundary","0.26","","","","5","0.6667","","","Heavy MIRV bomblets that each spiral into chaos.","Intended role: attack. One purchase grants x1 ammo. A single use creates about 15 major effect(s). Heavy MIRV bomblets that each spiral into chaos. Debug tags: Apex split x3 | Chaos x5 | 2/3 charge falloff."
"large_driller","Large Driller","attack","control-attack","270","2","10","0","1","10","24","drill","drill","Long line bore","#d0bfff","#eee5ff","medium","1","drill","#f3e9ff","#d0bfff","#eee5ff","#d7c5ff","","","","","","","","","","","","","","","","Longer line-bore demolition strike.","Intended role: utility. One purchase grants x1 ammo. A single use creates about 10 major effect(s). Longer line-bore demolition strike. Debug tags: Long line bore."
"large_blast_bomb","Large Blast Bomb","attack","control-attack","210","3","1","0","1","46","12","heavy","solar","Massive clear","#ffe387","#fff3c4","massive","2","solar","#fff1a8","#ffd36e","#ffe28d","","","","","","","","","","","","","","","76","42","Massive terrain eraser with light damage.","Intended role: utility. One purchase grants x1 ammo. A single use creates about 1 major effect(s). Massive terrain eraser with light damage. Debug tags: Massive clear."
"large_autocannon","Large Auto Cannon","attack","basic-attack","240","2","7","0","1","8","16","burst","shrapnel","Burst x5","#ffffff","#f8f9fa","small","1","shrapnel","#fff3d1","#ffffff","#f8f9fa","#fff8e8","","","","","","","","","","","","","","","","Seven heavier jittered shells.","Intended role: attack. One purchase grants x1 ammo. A single use creates about 7 major effect(s). Seven heavier jittered shells. Debug tags: Burst x7 | Scatter."
"grapeshot","Grapeshot","attack","basic-attack","125","3","7","0","1","5","11","burst","shrapnel","Spread x7","#ffe9a8","#fff5d6","small","1","shrapnel","#fff3d1","#ffe9a8","#fff5d6","#fff8e8","","","","","","","","","","","","","","","","Launches a seven-pellet spread cone.","Intended role: attack. One purchase grants x3 ammo. A single use creates about 7 major effect(s). Launches a seven-pellet spread cone. Debug tags: Spread x7 | Pellet cone."
"aftershock","Aftershock","attack","basic-attack","175","2","7","0","1","9","18","gravity","gravity","Ground ripple","#c7b8ff","#ece6ff","medium","1","gravity","#f3fbff","#c7b8ff","#ece6ff","#8be6ff","","","","","","","","","","","","","","","","Impact ripples into ground-hugging tremors on both sides.","Intended role: hybrid. One purchase grants x2 ammo. A single use creates about 7 major effect(s). Impact ripples into ground-hugging tremors on both sides. Debug tags: Ground ripple | Bilateral tremor."
"bulwark_shell","Bulwark Shell","attack","control-attack","110","3","2","0","1","12","22","terrain","terrain","Blast + cover","#d8b37a","#f1dfc5","medium","1","terrain","#d9b48f","#d8b37a","#f1dfc5","#efd4b4","","","","","","","","","","","","","","","","Blasts a crater and immediately throws up a higher berm.","Intended role: hybrid. One purchase grants x2 ammo. A single use creates about 2 major effect(s). Blasts a crater and immediately throws up a higher berm. Debug tags: Blast + cover."
"helix_shell","Helix Shell","attack","retired","","2","7","0","1","8","16","tech","ember","Corkscrew bursts","#9bf6ff","#e1fcff","medium","1","ember","#ffdbe5","#9bf6ff","#e1fcff","#ffb0c1","","","","","","","","","","","","","","","","Twists into alternating corkscrew bursts beyond the hit point.","Intended role: attack. One purchase grants x2 ammo. A single use creates about 7 major effect(s). Twists into alternating corkscrew bursts beyond the hit point. Debug tags: Corkscrew bursts | Forward twist."
"supernova_mirv","Supernova MIRV","attack","mass-attack","300","2","3","0","1","14","44","heavy","nova_blast","Split x3 | Nova bloom","#9ed8ff","#eefaff","large","2","nova_blast","#fffaff","#8fd8ff","#4ea5ff","#eaf8ff","","","","","","3","apex_or_boundary","0.22","","","","","","","","Three blue-white nova bomblets with tighter but deadlier cores.","Intended role: attack. One purchase grants x1 ammo. A single use creates about 3 major effect(s). Three blue-white nova bomblets with tighter but deadlier cores. Debug tags: Split x3 | Nova bloom."
"apocalypse_mirv","Apocalypse MIRV","attack","mass-attack","360","2","5","0","1","22","30","omega","nuclear","Split x5 | Nuclear bloom","#ffbf7c","#ffe7c9","massive","2","nuclear","#fff1cf","#ff8d4d","#ffbb73","#fff7e8","","","","","","5","apex_or_boundary","0.16","","","","","","","","Five catastrophic nuclear bomblets for full battlefield denial.","Intended role: attack. One purchase grants x1 ammo. A single use creates about 5 major effect(s). Five catastrophic nuclear bomblets for full battlefield denial. Debug tags: Split x5 | Nuclear bloom."
"solar_mirv","Solar MIRV","attack","mass-attack","250","2","3","0","1","28","22","heavy","solar","Split x3 | Solar bloom","#ffe27a","#fff4bf","large","2","solar","#fff1a8","#ffd36e","#ffe28d","","","","","","","3","apex_or_boundary","0.3","","","","","","","","Three sun-hot bomblets that erase terrain in huge solar blooms.","Intended role: hybrid. One purchase grants x1 ammo. A single use creates about 3 major effect(s). Three sun-hot bomblets that erase terrain in huge solar blooms. Debug tags: Split x3 | Solar bloom."
"void_bomb","Void Bomb","attack","control-attack","200","2","1","0","1","26","58","gravity","void","Void bloom | Dark core","#b388ff","#eadcff","massive","2","void","#090410","#6d38c9","#b279ff","#f2deff","","","","","","","","","","","","","","200","48","Collapses into a dark sphere that drags in half the battlefield before tearing terrain away.","Intended role: attack. One purchase grants x1 ammo. A single use creates about 1 major effect(s). Collapses into a dark sphere that drags in half the battlefield before tearing terrain away. Debug tags: Void bloom | Dark core | Extreme pull."
"singularity_echo","Singularity Echo","attack","retired","","1","2","0","1","18","28","gravity","void","Implosion | Void echo","#9f7aea","#e7dbff","large","2","void","#090410","#6d38c9","#b279ff","#f2deff","","","","","","","","","","","","","","","","Implodes hard, pauses, then answers with a dark shock bloom.","Intended role: attack. One purchase grants x1 ammo. A single use creates about 2 major effect(s). Implodes hard, pauses, then answers with a dark shock bloom. Debug tags: Implosion | Void echo."
"chaos_crown","Nova Crown","attack","basic-attack","230","2","7","0","1","12","34","heavy","nova_blast","Nova ring | Crown bursts","#bdefff","#effbff","large","2","nova_blast","#ffffff","#bdefff","#effbff","#f8ffff","","","","","","","","","","","","6","0.6667","","","A central nova bloom that crowns the impact with pale blue nova bursts.","Intended role: attack. One purchase grants x1 ammo. A single use creates about 7 major effect(s). A central nova bloom that crowns the impact with pale blue nova bursts. Debug tags: Nova ring | Crown bursts."
"eclipse_shell","Eclipse Shell","attack","retired","","1","7","0","1","16","24","gravity","void","Implode | Halo bloom","#c4b5fd","#efe8ff","large","2","void","#090410","#6d38c9","#b279ff","#f2deff","","","","","","","","","","","","","","","","Starts as a dark implosion, then breaks into a surrounding eclipse halo.","Intended role: attack. One purchase grants x1 ammo. A single use creates about 7 major effect(s). Starts as a dark implosion, then breaks into a surrounding eclipse halo. Debug tags: Implode | Halo bloom."
"aurora_helix","Aurora Helix","attack","retired","","2","7","0","1","10","18","tech","nova_blast","Helix nova","#8fd8ff","#ecfbff","medium","1","nova_blast","#fffaff","#8fd8ff","#4ea5ff","#eaf8ff","","","","","","","","","","","","","","","","Threads a blue-white helix of delayed nova blooms through the air.","Intended role: attack. One purchase grants x2 ammo. A single use creates about 7 major effect(s). Threads a blue-white helix of delayed nova blooms through the air. Debug tags: Helix nova | Delayed blooms."
"storm_net","Storm Net","attack","retired","","1","9","0","1","10","16","tech","prism","Storm grid | Heavy drag","#76e4ff","#dbfbff","medium","1","prism","#f4f9ff","#76e4ff","#baf4ff","#ffffff","","","","","","","","","","","","","","","","Throws a larger electric snare with repeated net pulses and stronger drag.","Intended role: hybrid. One purchase grants x1 ammo. A single use creates about 9 major effect(s). Throws a larger electric snare with repeated net pulses and stronger drag. Debug tags: Storm grid | Heavy drag."
"shield_small","Small Shield","utility","utility","80","1","1","0","0","0","0","shield","shield","Shield top-up","#62e7ff","#b5f6ff","utility","1","shield","#e6fdff","#62e7ff","#b5f6ff","#8ff6ff","","","","","","","","","","","","","","","","Raises shield up to 25 next round.","Intended role: defense. One purchase grants x1 ammo. A single use creates about 1 major effect(s). Raises shield up to 25 next round. Debug tags: Shield top-up."
"shield_medium","Medium Shield","utility","utility","150","1","1","0","0","0","0","shield","shield","Shield top-up","#51cfde","#c5f6fa","utility","1","shield","#e6fdff","#51cfde","#c5f6fa","#8ff6ff","","","","","","","","","","","","","","","","Raises shield up to 50 next round.","Intended role: defense. One purchase grants x1 ammo. A single use creates about 1 major effect(s). Raises shield up to 50 next round. Debug tags: Shield top-up."
"shield_large","Large Shield","utility","utility","280","1","1","0","0","0","0","","","Shield top-up","#38d9a9","#c3fae8","utility","1","shield","#e6fdff","#38d9a9","#c3fae8","#8ff6ff","","","","","","","","","","","","","","","","Raises shield up to 100 next round.","Intended role: defense. One purchase grants x1 ammo. A single use creates about 1 major effect(s). Raises shield up to 100 next round. Debug tags: Shield top-up."
